-- phpMyAdmin SQL Dump
-- version 4.0.10deb1
-- http://www.phpmyadmin.net
--
-- Host: localhost
-- Generation Time: Jul 15, 2014 at 09:24 PM
-- Server version: 5.5.37-0ubuntu0.14.04.1
-- PHP Version: 5.5.9-1ubuntu4.3

SET SQL_MODE = "NO_AUTO_VALUE_ON_ZERO";
SET time_zone = "+00:00";


/*!40101 SET @OLD_CHARACTER_SET_CLIENT=@@CHARACTER_SET_CLIENT */;
/*!40101 SET @OLD_CHARACTER_SET_RESULTS=@@CHARACTER_SET_RESULTS */;
/*!40101 SET @OLD_COLLATION_CONNECTION=@@COLLATION_CONNECTION */;
/*!40101 SET NAMES utf8 */;

--
-- Database: `sportfeed`
--

-- --------------------------------------------------------

--
-- Table structure for table `news`
--

CREATE TABLE IF NOT EXISTS `news` (
  `news_id` int(11) NOT NULL AUTO_INCREMENT,
  `title` text COLLATE utf8_swedish_ci NOT NULL,
  `link` text COLLATE utf8_swedish_ci NOT NULL,
  `description` text COLLATE utf8_swedish_ci NOT NULL,
  `sport_id` int(11) NOT NULL,
  `time_added` bigint(20) NOT NULL,
  `pubdate` text COLLATE utf8_swedish_ci NOT NULL,
  `team_id` int(11) NOT NULL,
  PRIMARY KEY (`news_id`)
) ENGINE=InnoDB  DEFAULT CHARSET=utf8 COLLATE=utf8_swedish_ci AUTO_INCREMENT=458 ;

--
-- Dumping data for table `news`
--

INSERT INTO `news` (`news_id`, `title`, `link`, `description`, `sport_id`, `time_added`, `pubdate`, `team_id`) VALUES
(285, 'Right on Target: Stars align at Twins'' home park', 'http://mlb.mlb.com/mlb/gameday/index.jsp?gid=2014_07_15_nasmlb_aasmlb_1&mode=preview&c_id=mlb', 'It''s regarded as one of baseball''s best parks, and Target Field will be on full display Tuesday night when the game''s best players take the field for the 85th annual All-Star Game. "It''s a big moment," said Twins manager Ron Gardenhire. "It''s a big thing for us. It''s well-deserved. A lot of people have put a lot of work in here at the stadium."', 1, 1405384253, 'Mon, 14 Jul 2014 20:30:53 EDT', 6),
(287, 'Johnson defies odds with rise to Futures Game', 'http://mlb.mlb.com/news/article/cws/white-sox-micah-johnson-defies-odds-with-rise-to-futures-game?ymd=20140713&content_id=84606388&vkey=news_cws', 'White Sox No. 2 prospect Micah Johnson didn''t have a big impact in his U.S. Team''s 3-2 win in the Futures Game on Sunday, but the simple fact that the second baseman earned a roster spot by hitting .312 this season was impressive, considering he''s coming off offseason elbow surgery.', 1, 1405298821, 'Sun, 13 Jul 2014 20:47:01 EDT', 6),
(288, 'Quintana on mound as Sox open second half vs. Astros', 'http://mlb.mlb.com/mlb/gameday/index.jsp?gid=2014_07_18_houmlb_chamlb_1&mode=preview&vkey=preview_web_home&c_id=cws', 'Jose Quintana will try to break free from his bad luck when the White Sox begin the second half Friday with the opener of a three-game home series against Scott Feldman and the Astros.', 1, 1405290612, 'Sun, 13 Jul 2014 18:30:12 EDT', 6),
(289, 'Bullpen unable to hold late lead in first-half finale', 'http://mlb.mlb.com/mlb/gameday/index.jsp?gid=2014_07_13_chamlb_clemlb_1&mode=recap_away&c_id=cws', 'John Danks went seven strong innings and the White Sox took a brief lead in the eighth, but the bullpen couldn''t hold it in a 3-2 loss to the Indians on Sunday at Progressive Field.', 1, 1405288218, 'Sun, 13 Jul 2014 17:50:18 EDT', 6),
(290, 'Abreu caps inaugural first half for the record books', 'http://mlb.mlb.com/news/article.jsp?ymd=20140713&content_id=84503158&notebook_id=84505804&vkey=notebook_cws&c_id=cws', 'The first half of Jose Abreu''s first Major League Baseball season couldn''t have possibly gone much better, aside from the 14 games he lost to a left ankle injury.', 1, 1405270361, 'Sun, 13 Jul 2014 12:52:41 EDT', 6),
(291, 'Hahn: Making trades requires big-picture vision', 'http://mlb.mlb.com/news/article.jsp?ymd=20140713&content_id=84503158&notebook_id=84505794&vkey=notebook_cws&c_id=cws', 'Making a beneficial trade is an exercise that runs far deeper than simply finding a team to work with and getting the best possible return for the player being asked about.', 1, 1405270285, 'Sun, 13 Jul 2014 12:51:25 EDT', 6),
(292, 'White Sox summon prospect Sanchez for finale', 'http://mlb.mlb.com/news/article.jsp?ymd=20140713&content_id=84503158&notebook_id=84505474&vkey=notebook_cws&c_id=cws', 'White Sox prospect Carlos Sanchez was called up from Triple-A Charlotte on Sunday and put into the starting lineup at shortstop for the final game of the first half.', 1, 1405270154, 'Sun, 13 Jul 2014 12:49:14 EDT', 6),
(293, 'Abreu helps White Sox muscle past Tribe', 'http://mlb.mlb.com/mlb/gameday/index.jsp?gid=2014_07_12_chamlb_clemlb_1&mode=recap_away&c_id=cws', 'Jose Abreu hit a two-run homer and Scott Carroll pitched five scoreless innings, as the White Sox beat the division-rival Indians, 6-2, on Saturday at Progressive Field.', 1, 1405209600, 'Sat, 12 Jul 2014 20:00:00 EDT', 6),
(294, 'Balky backs force Ramirez, Carroll from win', 'http://mlb.mlb.com/news/article/cws/white-sox-alexei-ramirez-scott-carroll-leave-saturdays-win-with-back-stiffness?ymd=20140712&content_id=84372866&vkey=news_cws', 'White Sox shortstop Alexei Ramirez left Saturday''s game at Progressive Field with back stiffness in the fourth inning, after drawing a leadoff walk from Cleveland starter Zach McAllister. Scott Carroll, Saturday''s starting and winning pitcher, also departed with back tightness after five innings and 78 pitches.', 1, 1405212300, 'Sat, 12 Jul 2014 20:45:00 EDT', 6),
(295, 'Abreu boasts striking resume of home run conquests', 'http://mlb.mlb.com/news/article/cws/jose-abreu-boasts-striking-resume-of-home-run-conquests?ymd=20140714&content_id=84713068&vkey=news_cws', 'Along the way to leading the Major Leagues at the All-Star break with 29 home runs, Jose Abreu has cleared the fences of 11 different big league ballparks and victimized four former Cy Young Award winners and a trio of fellow 2014 All-Stars.', 1, 1405384268, 'Mon, 14 Jul 2014 20:31:08 EDT\n	', 6),
(296, 'Brantley rides smooth style to All-Star Game', 'http://mlb.mlb.com/news/article/cle/indians-outfielder-michael-brantley-rides-smooth-style-to-all-star-game?ymd=20140714&content_id=84719506&vkey=news_cle', 'Michael Brantley, the Indians'' lone representative to the American League All-Star team, had the numbers that made him a lock for the selection. He is batting .322/.382/.519 with 15 home runs and 63 RBIs in 91 games this season.', 1, 1405381817, 'Mon, 14 Jul 2014 19:50:17 EDT', 7),
(297, 'Right on Target: Stars align at Twins'' home park', 'http://mlb.mlb.com/mlb/gameday/index.jsp?gid=2014_07_15_nasmlb_aasmlb_1&mode=preview&c_id=mlb', 'It''s regarded as one of baseball''s best parks, and Target Field will be on full display Tuesday night when the game''s best players take the field for the 85th annual All-Star Game. "It''s a big moment," said Twins manager Ron Gardenhire. "It''s a big thing for us. It''s well-deserved. A lot of people have put a lot of work in here at the stadium."', 1, 1405384253, 'Mon, 14 Jul 2014 20:30:53 EDT', 7),
(298, 'Aviles'' laser throw completes sensational double play', 'http://mlb.mlb.com/news/article/cle/mike-aviles-laser-throw-completes-sensational-double-play?ymd=20140713&content_id=84549790&vkey=news_cle', 'Mike Aviles unleashed one of the best throws of the season for the Indians on Sunday afternoon, snagging a ball deep down the left-field line in the second inning against the White Sox and then completing a seemingly impossible double play.', 1, 1405288686, 'Sun, 13 Jul 2014 17:58:06 EDT', 7),
(299, 'Gomes'' go-ahead shot powers Tribe over White Sox', 'http://mlb.mlb.com/mlb/gameday/index.jsp?gid=2014_07_13_chamlb_clemlb_1&mode=recap_home&c_id=cle', 'Yan Gomes hit a go-ahead two-run homer in the eighth and Trevor Bauer struck out 10 in a stellar effort as the Indians downed the White Sox, 3-2, in Sunday''s first-half finale at Progressive Field.', 1, 1405289977, 'Sun, 13 Jul 2014 18:19:37 EDT', 7),
(300, 'Lindor continues ascent with Futures Game appearance', 'http://mlb.mlb.com/news/article/cle/lindor-continues-ascent-with-futures-game-appearance?ymd=20140713&content_id=84510846&vkey=news_cle', 'Let the mask Francisco Lindor wore during the 2014 Sirius/XM All-Star Futures Game be a lesson that even the surest-handed shortstops are susceptible to the bad hops of a baseball.', 1, 1405294208, 'Sun, 13 Jul 2014 19:30:08 EDT', 7),
(301, 'Indians tab Bauer for second-half opener in Detroit', 'http://mlb.mlb.com/mlb/gameday/index.jsp?gid=2014_07_18_clemlb_detmlb_1&mode=preview&vkey=preview_web_away&c_id=cle', 'The Tigers will attempt to carry over their success from the first half of the season when they host the Indians at Comerica Park on Friday.', 1, 1405293411, 'Sun, 13 Jul 2014 19:16:51 EDT', 7),
(302, 'Antonetti to let landscape dictate trade approach', 'http://mlb.mlb.com/news/article.jsp?ymd=20140713&content_id=84503046&notebook_id=84504206&vkey=notebook_cle&c_id=cle', 'As the July 31 non-waiver Trade Deadline nears, Indians general manager Chris Antonetti could conceivably take two different approaches in bolstering the Tribe roster for the second half.', 1, 1405268727, 'Sun, 13 Jul 2014 12:25:27 EDT', 7),
(303, 'Masterson''s return to health, form key for Tribe', 'http://mlb.mlb.com/news/article.jsp?ymd=20140713&content_id=84503046&notebook_id=84503964&vkey=notebook_cle&c_id=cle', 'For the Tribe, the first half of 2014 has been in part defined by its ever-changing rotation. Having a healthy and effective Justin Masterson back after the All-Star break would certainly be a step in the stabilizing direction.', 1, 1405268653, 'Sun, 13 Jul 2014 12:24:13 EDT', 7),
(304, 'McAllister absorbs a tough-luck loss to Sox', 'http://mlb.mlb.com/mlb/gameday/index.jsp?gid=2014_07_12_chamlb_clemlb_1&mode=recap_home&c_id=cle', 'Zach McAllister allowed three runs over seven innings on Saturday, but the offense came up shy in a 6-2 loss to Chicago at Progressive Field.', 1, 1405211400, 'Sat, 12 Jul 2014 20:30:00 EDT', 7),
(305, 'Overturned call helps Tribe score a run', 'http://mlb.mlb.com/news/article/cle/overturned-call-helps-tribe-score-a-run?ymd=20140712&content_id=84383056&vkey=news_cle', 'The Tribe eventually scored its first run in Saturday''s 6-2 loss to the White Sox after an out call was overturned by replay review.', 1, 1405208700, 'Sat, 12 Jul 2014 19:45:00 EDT', 7),
(306, 'Right on Target: Stars align at Twins'' home park', 'http://mlb.mlb.com/mlb/gameday/index.jsp?gid=2014_07_15_nasmlb_aasmlb_1&mode=preview&c_id=mlb', 'It''s regarded as one of baseball''s best parks, and Target Field will be on full display Tuesday night when the game''s best players take the field for the 85th annual All-Star Game. "It''s a big moment," said Twins manager Ron Gardenhire. "It''s a big thing for us. It''s well-deserved. A lot of people have put a lot of work in here at the stadium."', 1, 1405384253, 'Mon, 14 Jul 2014 20:30:53 EDT', 4),
(307, 'Price weighs in on potential trade destinations', 'http://mlb.mlb.com/news/article/tb/rays-ace-david-price-weighs-in-on-potential-destinations?ymd=20140714&content_id=84699032&vkey=news_tb', 'David Price said on Monday that he doesn''t know where he''ll be playing come July 31, the non-waiver Trade Deadline, but places such as New York, L.A. and Chicago came up during a media session leading up to the All-Star Game.', 1, 1405376435, 'Mon, 14 Jul 2014 18:20:35 EDT', 4),
(308, 'Rays prospects square off in Futures Game', 'http://mlb.mlb.com/news/article/tb/rays-enny-romero-justin-oconner-square-off-in-futures-game?ymd=20140713&content_id=84621384&vkey=news_tb', 'Rays prospects Enny Romero (World Team left-hander) and Justin O''Conner (U.S. catcher) matched up in the Futures Game on Sunday, with O''Conner''s single the only hit in Romero''s scoreless inning. All told, the day was a win for the Tampa Bay organization.', 1, 1405300268, 'Sun, 13 Jul 2014 21:11:08 EDT', 4),
(309, 'Escobar scores on play at plate after review', 'http://mlb.mlb.com/news/article/tb/escobar-scores-on-play-at-plate-after-review?ymd=20140713&content_id=84529728&vkey=news_tb', 'Joe Maddon won a critical challenge on Sunday afternoon at Tropicana Field when Yunel Escobar was called out at home and the call was overturned.', 1, 1405281302, 'Sun, 13 Jul 2014 15:55:02 EDT', 4),
(310, 'Rays face Twins at Target Field after All-Star Game', 'http://mlb.mlb.com/mlb/gameday/index.jsp?gid=2014_07_18_tbamlb_minmlb_1&mode=preview&vkey=preview_web_away&c_id=tb', 'Playing in the shadows of the Midsummer Classic in Minneapolis, the Twins and Rays open the second half of their season with plenty of work to do.', 1, 1405308017, 'Sun, 13 Jul 2014 23:20:17 EDT', 4),
(311, 'Hellickson optioned to Double-A as McGee returns', 'http://mlb.mlb.com/news/article.jsp?ymd=20140712&content_id=84444814&notebook_id=84504492&vkey=notebook_tb&c_id=tb', 'Jake McGee was activated from the paternity list prior to Sunday''s game, and Jeremy Hellickson was optioned to Double-A Montgomery and will start Monday night at Pensacola, Fla. The move was made so Hellickson could stay on schedule.', 1, 1405269297, 'Sun, 13 Jul 2014 12:34:57 EDT', 4),
(312, 'Upcoming wrist surgery to end Sands'' season', 'http://mlb.mlb.com/news/article.jsp?ymd=20140712&content_id=84444814&notebook_id=84504706&vkey=notebook_tb&c_id=tb', 'Jerry Sands will be out for the season to have wrist surgery to repair a tendon injury. The tricky part will be figuring out when to do the procedure.', 1, 1405269295, 'Sun, 13 Jul 2014 12:34:55 EDT', 4),
(313, 'Price spins All-Star-worthy gem in Rays'' shutout', 'http://mlb.mlb.com/mlb/gameday/index.jsp?gid=2014_07_13_tormlb_tbamlb_1&mode=recap_home&c_id=tb', 'David Price paved the way for a 3-0 Rays win over the Blue Jays on Sunday afternoon at Tropicana Field. The ace tossed eight-plus scoreless innings in a battle with R.A. Dickey.', 1, 1405202424, 'Sat, 12 Jul 2014 18:00:24 EDT', 4),
(314, 'Price ''doing better,'' slated to start on Sunday', 'http://mlb.mlb.com/news/article.jsp?ymd=20140712&content_id=84362844&notebook_id=84369150&vkey=notebook_tb&c_id=tb', 'David Price was scratched from making his scheduled start because he was ill, but unless he takes a turn for the worse, the Rays ace will start the series finale against the Blue Jays. Due to a Sunday start, Price was replaced on the AL All-Star roster by Fernando Rodney.', 1, 1405192503, 'Sat, 12 Jul 2014 15:15:03 EDT', 4),
(315, 'Jennings, Hanigan get breather with minor injuries', 'http://mlb.mlb.com/news/article.jsp?ymd=20140712&content_id=84362844&notebook_id=84369280&vkey=notebook_tb&c_id=tb', 'Desmond Jennings and Ryan Hanigan were out of the lineup Saturday afternoon due to nagging injuries. Jennings left Friday night''s game after fouling a ball off his left knee, and Hanigan has been battling soreness in his left side.', 1, 1405192501, 'Sat, 12 Jul 2014 15:15:01 EDT', 4),
(316, 'Right on Target: Stars align at Twins'' home park', 'http://mlb.mlb.com/mlb/gameday/index.jsp?gid=2014_07_15_nasmlb_aasmlb_1&mode=preview&c_id=mlb', 'It''s regarded as one of baseball''s best parks, and Target Field will be on full display Tuesday night when the game''s best players take the field for the 85th annual All-Star Game. "It''s a big moment," said Twins manager Ron Gardenhire. "It''s a big thing for us. It''s well-deserved. A lot of people have put a lot of work in here at the stadium."', 1, 1405384253, 'Mon, 14 Jul 2014 20:30:53 EDT', 11),
(317, 'Altuve riding breakthrough first half into All-Star Game', 'http://mlb.mlb.com/news/article/hou/astros-second-baseman-jose-altuve-riding-breakthrough-first-half-into-all-star-game?ymd=20140714&content_id=84701990&vkey=news_hou', 'Jose Altuve has had quite the first half. His 130 hits are 12 more than any other player in the big leagues. He leads the American League in stolen bases and is second in batting average (.335) and doubles.', 1, 1402782831, 'Sat, 14 Jun 2014 17:53:51 EDT', 11),
(318, 'Friends Santana, Feliz share Futures experience', 'http://mlb.mlb.com/news/article/hou/astros-prospects-domingo-santana-michael-feliz-play-in-futures-game?ymd=20140713&content_id=84611512&vkey=news_hou', 'Domingo Santana was born in Santo Domingo, the capital of the Dominican Republic. Michael Feliz was born in Azua, a couple hours away. Despite the distance, they have become close. They found themselves back together again at Target Field on Sunday, representing the World Team in the SiriusXM All-Star Futures Game. The U.S. Team won, 3-2.', 1, 1405298643, 'Sun, 13 Jul 2014 20:44:03 EDT', 11),
(319, 'Feldman starts second-half opener against White Sox', 'http://mlb.mlb.com/mlb/gameday/index.jsp?gid=2014_07_18_houmlb_chamlb_1&mode=preview&vkey=preview_web_away&c_id=hou', 'Jose Quintana will try to break free from his bad luck when the White Sox begin the second half Friday with the opener of a three-game home series against Scott Feldman and the Astros.', 1, 1405290612, 'Sun, 13 Jul 2014 18:30:12 EDT', 11),
(320, 'Astros unable to contain Red Sox, solve Buchholz', 'http://mlb.mlb.com/mlb/gameday/index.jsp?gid=2014_07_13_bosmlb_houmlb_1&mode=recap_home&c_id=hou', 'At least Astros starter Brad Peacock didn''t have to stick around for much of what turned out to be a long Sunday afternoon at Minute Maid Park. Anthony Bass rescued Peacock''s ERA by getting an inning-ending double play in the first, but the Red Sox were just getting started. Boston scored often against a slew of relievers and rode a dominant performance from Clay Buchholz to an 11-0 victory.', 1, 1405292113, 'Sun, 13 Jul 2014 18:55:13 EDT', 11),
(321, 'To rest Springer''s sore knee, slugger in DH role', 'http://mlb.mlb.com/news/article.jsp?ymd=20140713&content_id=84515728&notebook_id=84516320&vkey=notebook_hou&c_id=hou', 'Astros manager Bo Porter used the final game before the All-Star break to give the sore right knee of center fielder George Springer a rest, though he wanted to keep his bat in the lineup. Springer started at designated hitter Sunday for the first time.', 1, 1405275861, 'Sun, 13 Jul 2014 14:24:21 EDT', 11),
(322, 'Altuve excited to have Jeter as All-Star teammate', 'http://mlb.mlb.com/news/article.jsp?ymd=20140713&content_id=84515728&notebook_id=84515732&vkey=notebook_hou&c_id=hou', 'All-Star second baseman Jose Altuve was set to fly to Minneapolis following Sunday''s game to take part in the festivities surrounding Tuesday''s All-Star Game at Target Field. Altuve was voted in by the players to take part in his second All-Star Game, first in the American League.', 1, 1405275858, 'Sun, 13 Jul 2014 14:24:18 EDT', 11),
(323, 'Watson lauds Altuve for breaking first-half hits mark', 'http://mlb.mlb.com/news/article.jsp?ymd=20140713&content_id=84515728&notebook_id=84516070&vkey=notebook_hou&c_id=hou', 'Bob Watson, the former Astros slugger who went on to a distinguished career as the general manager of the Yankees and Astros and with Major League Baseball, was invited to Minute Maid Park on Sunday by president of business operations Reid Ryan to present Jose Altuve with an award for breaking his franchise record for hits in the first half.', 1, 1405275856, 'Sun, 13 Jul 2014 14:24:16 EDT', 11),
(324, 'Cosart fine with being given extra rest', 'http://mlb.mlb.com/news/article.jsp?ymd=20140713&content_id=84515728&notebook_id=84515730&vkey=notebook_hou&c_id=hou', 'Sunday was right-hander Jarred Cosart''s scheduled day to pitch, but the Astros chose to start Brad Peacock and give Cosart some extra rest. Cosart has thrown 105 2/3 innings in the first half, which puts him on pace to best his personal high of 153 set last year between Triple-A Oklahoma City and the Astros.', 1, 1405275852, 'Sun, 13 Jul 2014 14:24:12 EDT', 11),
(325, 'Altuve sets new record with eighth-inning double', 'http://mlb.mlb.com/news/article/hou/astros-all-star-jose-altuve-sets-new-record-with-eighth-inning-double?ymd=20140712&content_id=84432642&vkey=news_hou', 'Another day, another milestone for Jose Altuve. The Astros'' All-Star second baseman went 2-for-4 with two runs scored and two doubles in Saturday''s 3-2 win over the Red Sox, extending his Major League lead to 130 hits. In doing so, he became the only player to amass 130 hits and 40 steals prior to the All-Star break (since 1933).', 1, 1405213432, 'Sat, 12 Jul 2014 21:03:52 EDT', 11),
(326, 'Bautista falls short after first-round fireworks', 'http://mlb.mlb.com/news/article/tor/jose-bautista-falls-short-in-home-run-derby-after-first-round-fireworks?ymd=20140714&content_id=84708076&vkey=news_tor', 'Blue Jays outfielder Jose Bautista thrilled the crowd at Target Field in Minneapolis on Monday night with 10 home runs in the first round of the Gillette Home Run Derby. He was then beat, 7-4, by eventual champion Yoenis Cespedes in the semifinals.', 1, 1405399945, 'Tue, 15 Jul 2014 00:52:25 EDT', 5),
(327, 'Right on Target: Stars align at Twins'' home park', 'http://mlb.mlb.com/mlb/gameday/index.jsp?gid=2014_07_15_nasmlb_aasmlb_1&mode=preview&c_id=mlb', 'It''s regarded as one of baseball''s best parks, and Target Field will be on full display Tuesday night when the game''s best players take the field for the 85th annual All-Star Game. "It''s a big moment," said Twins manager Ron Gardenhire. "It''s a big thing for us. It''s well-deserved. A lot of people have put a lot of work in here at the stadium."', 1, 1405384253, 'Mon, 14 Jul 2014 20:30:53 EDT', 5),
(328, 'Buehrle enjoying return trip to Midsummer Classic', 'http://mlb.mlb.com/news/article/tor/blue-jays-left-hander-mark-buehrle-enjoying-return-trip-to-midsummer-classic?ymd=20140714&content_id=84701270&vkey=news_tor', 'As Mark Buehrle spends the next couple of days surrounding himself with some of baseball''s other top players, he has reason to feel a better appreciation for this experience than he did any of his previous four All-Star selections.', 1, 1405376743, 'Mon, 14 Jul 2014 18:25:43 EDT', 5),
(329, 'Jeter leading off for power-packed AL lineup', 'http://mlb.mlb.com/news/article/tor/derek-jeter-leading-off-for-power-packed-al-lineup?ymd=20140714&content_id=84681662&vkey=news_tor', 'The American League''s high-powered starting lineup for Tuesday''s All-Star Game is set, and fans won''t have to wait long to see Derek Jeter step into the box.', 1, 1405365914, 'Mon, 14 Jul 2014 15:25:14 EDT', 5),
(330, 'Blue Jays prospects excel in Futures Game', 'http://mlb.mlb.com/news/article/tor/blue-jays-prospects-excel-in-all-star-futures-game?ymd=20140713&content_id=84599610&vkey=news_tor', 'Daniel Norris pitched a scoreless inning for the U.S. Team, Dalton Pompey went 2-for-4 for the World Team and A.J. Jimenez caught four innings in his second Sirius XM All-Star Futures Game appearance.', 1, 1405297256, 'Sun, 13 Jul 2014 20:20:56 EDT', 5),
(331, 'Escobar scores on play at plate after review', 'http://mlb.mlb.com/news/article/tor/escobar-scores-on-play-at-plate-after-review?ymd=20140713&content_id=84529728&vkey=news_tor', 'Joe Maddon won a critical challenge on Sunday afternoon at Tropicana Field when Yunel Escobar was called out at home and the call was overturned.', 1, 1405281302, 'Sun, 13 Jul 2014 15:55:02 EDT', 5),
(332, 'Dickey, Blue Jays take on Rangers following break', 'http://mlb.mlb.com/mlb/gameday/index.jsp?gid=2014_07_18_texmlb_tormlb_1&mode=preview&vkey=preview_web_home&c_id=tor', 'Yu Darvish will oppose R.A. Dickey and the Blue Jays as the Rangers head to Toronto for the first game following the All-Star break on Friday.', 1, 1405293615, 'Sun, 13 Jul 2014 19:20:15 EDT', 5),
(333, 'Bautista healthy enough to return to right field', 'http://mlb.mlb.com/news/article.jsp?ymd=20140712&content_id=84445700&notebook_id=84505362&vkey=notebook_tor&c_id=tor', 'As Blue Jays manager John Gibbons hinted on Saturday, Jose Bautista returned to the outfield in Sunday''s series finale against the Rays at Tropicana Field, Toronto''s last game before the All-Star Break.', 1, 1405269797, 'Sun, 13 Jul 2014 12:43:17 EDT', 5),
(334, 'Blue Jays provide no help for Dickey in solid start', 'http://mlb.mlb.com/mlb/gameday/index.jsp?gid=2014_07_13_tormlb_tbamlb_1&mode=recap_away&c_id=tor', 'David Price silenced the Blue Jays'' bats in Sunday''s game against the Rays at Tropicana Field, as R.A. Dickey and Toronto dropped the series finale, 3-0, in the club''s last game before the All-Star break.', 1, 1405290026, 'Sun, 13 Jul 2014 18:20:26 EDT', 5),
(335, 'Reyes out at second as Blue Jays lose challenge', 'http://mlb.mlb.com/news/article/tor/jose-reyes-out-at-second-as-blue-jays-lose-challenge?ymd=20140712&content_id=84384532&vkey=news_tor', 'The Blue Jays unsuccessfully challenged a call in the top of the fifth inning of Saturday''s game against the Rays when Jose Reyes was thrown out trying to stretch a bloop single into a double.', 1, 1405202443, 'Sat, 12 Jul 2014 18:00:43 EDT', 5),
(336, 'Winning Series home-field advantage is important', 'http://mlb.mlb.com/news/article/mlb/phil-rogers-all-star-game-victory-brings-important-edge-to-world-series?ymd=20140715&content_id=84750574&vkey=news_mlb', 'History tells us this: Home-field advantage is a huge factor in determining the outcome of the World Series. The team that should be favored to win a championship is the one from the league that wins tonight''s All-Star Game.', 1, 1405432800, 'Tue, 15 Jul 2014 10:00:00 EDT\n	', 0),
(337, 'Pipeline preview: Asheville, Savannah to square off', 'http://mlb.mlb.com/news/article/mlb/pipeline-preview-asheville-savannah-to-square-off?ymd=20140715&content_id=84772014&vkey=news_mlb', 'With all eyes on Target Field and the All-Star Game and three Minor Leagues on their own All-Star break, Tuesday''s Minors schedule is a light one. But the day still includes some exciting matchups between some of the game''s youngest top prospects.', 1, 1405432800, 'Tue, 15 Jul 2014 10:00:00 EDT\n	', 0),
(338, 'Derby dingers deliver big bucks for charities', 'http://mlb.mlb.com/news/article/mlb/yoenis-cespedes-home-run-derby-deliver-big-bucks-for-charities?ymd=20140715&content_id=84769236&vkey=news_mlb', 'The Gillette Home Run Derby resulted in $465,000 for charities on Monday night at Target Field, and repeat winner Yoenis Cespedes contributed $160,000 of that himself.', 1, 1405405188, 'Tue, 15 Jul 2014 02:19:48 EDT\n	', 0),
(339, 'Derby delivers memorable moments in dynamic affair', 'http://mlb.mlb.com/news/article/mlb/mike-bauman-derby-delivers-memorable-moments-in-dynamic-affair?ymd=20140715&content_id=84765020&vkey=news_mlb', 'As baseball returns to its natural state -- a game in which pitching is once again dominant -- you take the home runs where you find them.\nThe 2014 Gillette Home Run Derby on Monday would be a logical place to look. And, yes indeed, home runs could be found here.', 1, 1405403772, 'Tue, 15 Jul 2014 01:56:12 EDT\n	', 0),
(340, 'Oliva proud of ''incredible'' Cuban impact on ASG', 'http://mlb.mlb.com/news/article/mlb/tony-oliva-proud-of-incredible-cuban-representation-in-all-star-game?ymd=20140714&content_id=84749874&vkey=news_mlb', 'Forty-six years ago, Tony Oliva was one of six Cuban players to participate in the 1968 All-Star Game at the Astrodome in Houston, Texas. This year, there are five players from Cuba in Tuesday''s 8 p.m. ET All-Star Game on FOX, the most since 1968.', 1, 1405432800, 'Tue, 15 Jul 2014 10:00:00 EDT\n	', 0),
(341, 'Scherzer focused on All-Star Game, Tigers', 'http://mlb.mlb.com/news/article.jsp?ymd=20140714&content_id=84728320&notebook_id=84729912&vkey=notebook_det&c_id=det', 'A year ago, Max Scherzer went to the All-Star Game telling himself he was going to enjoy it. His starting assignment made that a tougher challenge than he expected. But he''s not letting anything distract him this time around at Target Field.', 1, 1405386403, 'Mon, 14 Jul 2014 21:06:43 EDT', 8),
(342, 'Miggy can relate to LeBron''s Midwest move', 'http://mlb.mlb.com/news/article.jsp?ymd=20140714&content_id=84728320&notebook_id=84729962&vkey=notebook_det&c_id=det', 'Miguel Cabrera knows what it''s like to leave Miami for the Midwest. He did it when the Marlins traded him to Detroit seven years ago. LeBron James'' decision to leave the Miami Heat for Cleveland last week didn''t hit quite as close to home, but it hurt.', 1, 1405386401, 'Mon, 14 Jul 2014 21:06:41 EDT', 8),
(343, 'Kinsler appreciates All-Star nod with Tigers', 'http://mlb.mlb.com/news/article.jsp?ymd=20140714&content_id=84728320&notebook_id=84729610&vkey=notebook_det&c_id=det', 'In some ways, the trade that sent Ian Kinsler to Detroit helped him get back to the Midsummer Classic for the fourth time in his career.', 1, 1405386400, 'Mon, 14 Jul 2014 21:06:40 EDT', 8),
(344, 'Right on Target: Stars align at Twins'' home park', 'http://mlb.mlb.com/mlb/gameday/index.jsp?gid=2014_07_15_nasmlb_aasmlb_1&mode=preview&c_id=mlb', 'It''s regarded as one of baseball''s best parks, and Target Field will be on full display Tuesday night when the game''s best players take the field for the 85th annual All-Star Game. "It''s a big moment," said Twins manager Ron Gardenhire. "It''s a big thing for us. It''s well-deserved. A lot of people have put a lot of work in here at the stadium."', 1, 1405384253, 'Mon, 14 Jul 2014 20:30:53 EDT', 8),
(345, 'V-Mart enjoying playing role of All-Star dad', 'http://mlb.mlb.com/news/article/det/tigers-slugger-victor-martinez-enjoying-playing-role-of-all-star-dad?ymd=20140714&content_id=84709752&vkey=news_det', 'Victor Martinez needed a career type of season at age 35 to get here to the All-Star Game as a designated hitter. It took a midseason back injury to render him a spectator for the week, so he''s enjoying the experience as a dad.', 1, 1405378846, 'Mon, 14 Jul 2014 19:00:46 EDT', 8),
(346, 'Jeter leading off for power-packed AL lineup', 'http://mlb.mlb.com/news/article/det/derek-jeter-leading-off-for-power-packed-al-lineup?ymd=20140714&content_id=84681662&vkey=news_det', 'The American League''s high-powered starting lineup for Tuesday''s All-Star Game is set, and fans won''t have to wait long to see Derek Jeter step into the box.', 1, 1405365914, 'Mon, 14 Jul 2014 15:25:14 EDT', 8),
(347, 'Ausmus sets up Tigers'' second-half rotation', 'http://mlb.mlb.com/news/article.jsp?ymd=20140713&content_id=84486310&notebook_id=84507170&vkey=notebook_det&c_id=det', 'Anibal Sanchez will start the second half in Friday''s series opener against the Indians, followed by Max Scherzer on Saturday and Drew Smyly on Sunday. Justin Verlander and Rick Porcello will open the Arizona series on July 21 and 22, respectively.', 1, 1405271680, 'Sun, 13 Jul 2014 13:14:40 EDT', 8),
(348, 'First-place Tigers open second half vs. Indians', 'http://mlb.mlb.com/mlb/gameday/index.jsp?gid=2014_07_18_clemlb_detmlb_1&mode=preview&vkey=preview_web_home&c_id=det', 'The Tigers will attempt to carry over their success from the first half of the season when they host the Indians at Comerica Park on Friday.', 1, 1405293411, 'Sun, 13 Jul 2014 19:16:51 EDT', 8),
(349, 'Thompson wins Futures battle against Moya', 'http://mlb.mlb.com/news/article/det/jake-thompson-wins-futures-battle-against-fellow-tigers-prospect-steven-moya?ymd=20140713&content_id=84500754&vkey=news_det', 'Jake Thompson became friends with fellow Tigers prospect Steven Moya while they were rehabbing together at Class A Advanced Lakeland a couple of years ago. Thompson had no interest in facing Moya in Sunday''s SiriusXM All-Star Futures Game, and it had nothing to do with friendship.', 1, 1405302015, 'Sun, 13 Jul 2014 21:40:15 EDT', 8),
(350, 'Tigers miss chance for sweep of rival Royals', 'http://mlb.mlb.com/mlb/gameday/index.jsp?gid=2014_07_13_detmlb_kcamlb_1&mode=recap_away&c_id=det', 'Justin Verlander was cruising until being knocked from the game in a decisive five-run seventh as the Tigers'' five-game win streak was snapped with a 5-2 loss to the Royals on Sunday.', 1, 1405292421, 'Sun, 13 Jul 2014 19:00:21 EDT', 8),
(351, 'Right on Target: Stars align at Twins'' home park', 'http://mlb.mlb.com/mlb/gameday/index.jsp?gid=2014_07_15_nasmlb_aasmlb_1&mode=preview&c_id=mlb', 'It''s regarded as one of baseball''s best parks, and Target Field will be on full display Tuesday night when the game''s best players take the field for the 85th annual All-Star Game. "It''s a big moment," said Twins manager Ron Gardenhire. "It''s a big thing for us. It''s well-deserved. A lot of people have put a lot of work in here at the stadium."', 1, 1405384253, 'Mon, 14 Jul 2014 20:30:53 EDT', 16),
(352, 'With promising futures, Braves trio reflects on journey', 'http://mlb.mlb.com/news/article/atl/with-promising-futures-braves-trio-reflects-on-journey?ymd=20140714&content_id=84687436&vkey=news_atl', 'As the contract extensions they received this year attested, Freddie Freeman, Craig Kimbrel and Julio Teheran represent a significant core of the Braves'' future. But it is the past they share that will provide this talented trio even more reason to appreciate the chance to experience this year''s All-Star Game together.', 1, 1405381333, 'Mon, 14 Jul 2014 19:42:13 EDT', 16),
(353, 'Speedster Peraza gives fans reasons for excitement', 'http://mlb.mlb.com/news/article/atl/braves-prospect-jose-peraza-gives-fans-reasons-for-excitement?ymd=20140713&content_id=84620892&vkey=news_atl', 'As these past few months have elapsed, Braves fans have become more enamored with Jose Peraza, who has spent the past year being heralded as Atlanta''s second baseman and leadoff hitter of the future.', 1, 1405302288, 'Sun, 13 Jul 2014 21:44:48 EDT', 16),
(354, 'Johnson helps Braves surge into All-Star break', 'http://mlb.mlb.com/mlb/gameday/index.jsp?gid=2014_07_13_atlmlb_chnmlb_1&mode=recap_away&c_id=atl', 'Chris Johnson continued his recent power surge with a three-run home run and right-hander Julio Teheran tossed seven effective innings as the Braves cruised into the All-Star break with a 10-7 victory and a series win over the Cubs on Sunday.', 1, 1405294654, 'Sun, 13 Jul 2014 19:37:34 EDT', 16),
(355, 'Two challenges aid Braves, halt Cubs'' momentum', 'http://mlb.mlb.com/news/article/atl/two-challenges-aid-braves-halt-cubs-momentum?ymd=20140713&content_id=84529624&vkey=news_atl', 'Two challenges were decided in the Braves'' favor and halted the Cubs'' momentum at critical points during Atlanta''s 10-7 win on Sunday.', 1, 1405298528, 'Sun, 13 Jul 2014 20:42:08 EDT', 16),
(356, 'Braves to open second half vs. rival Phillies', 'http://mlb.mlb.com/mlb/gameday/index.jsp?gid=2014_07_18_phimlb_atlmlb_1&mode=preview&vkey=preview_web_home&c_id=atl', 'This first series after the All-Star break will be important for the Braves as they try to defend their 2013 National League East crown. Ervin Santana will take on A.J. Burnett in the meeting between division opponents.', 1, 1405296425, 'Sun, 13 Jul 2014 20:07:05 EDT', 16),
(357, 'Fredi still working out post-break rotation', 'http://mlb.mlb.com/news/article.jsp?ymd=20140713&content_id=84523478&notebook_id=84523480&vkey=notebook_atl&c_id=atl', 'Braves manager Fredi Gonzalez still hasn''t decided on a post-All-Star break pitching rotation other than right-hander Ervin Santana, who will start Friday against the Phillies.', 1, 1405278493, 'Sun, 13 Jul 2014 15:08:13 EDT', 16),
(358, 'Braves suspend Uggla one game, add Gosselin', 'http://mlb.mlb.com/news/article/atl/atlanta-braves-suspend-dan-uggla-for-one-game-recall-phil-gosselin-from-triple-a-gwinnett?ymd=20140713&content_id=84480346&vkey=news_atl', 'The Braves announced shortly before Sunday''s game that they suspended infielder Dan Uggla for one game. Though manager Fredi Gonzalez opted not to discuss the matter, multiple sources have said Uggla arrived late for Saturday afternoon''s game against the Cubs. Atlanta called up Philip Gosselin from Triple-A Gwinnett to take Uggla''s place for a day.', 1, 1405281738, 'Sun, 13 Jul 2014 16:02:18 EDT', 16),
(359, 'Overturned call at second goes Braves'' way', 'http://mlb.mlb.com/news/article/atl/overturned-call-at-second-goes-braves-way?ymd=20140712&content_id=84424020&vkey=news_atl', 'In the bottom of the eighth of the Braves'' 11-6 win over the Cubs on Saturday at Wrigley Field, an overturned call ended the inning and a potential Cubs rally.', 1, 1405216893, 'Sat, 12 Jul 2014 22:01:33 EDT', 16),
(360, 'Johnson powers Braves'' rout with pair of homers', 'http://mlb.mlb.com/mlb/gameday/index.jsp?gid=2014_07_12_atlmlb_chnmlb_1&mode=recap_away&c_id=atl', 'Chris Johnson had a pair of two-run home runs and the Braves busted out of a recent offensive funk with a power surge in a 11-6 victory over the Cubs on Saturday at Wrigley Field.', 1, 1405213922, 'Sat, 12 Jul 2014 21:12:02 EDT', 16),
(361, 'Puig gets shut out in Home Run Derby debut', 'http://mlb.mlb.com/news/article/la/dodgers-yasiel-puig-gets-shut-out-in-home-run-derby-debut?ymd=20140714&content_id=84724476&vkey=news_la', 'Yasiel Puig has gained a reputation for the unexpected since he burst on to the scene last season, and the Dodgers slugger once again surprised the baseball world by coming up empty and getting eliminated in the first round of Monday night''s Gillette Home Run Derby at Target Field.', 1, 1405394045, 'Mon, 14 Jul 2014 23:14:05 EDT', 28),
(362, 'Puig follows big league dream to All-Star Game', 'http://mlb.mlb.com/news/article/la/yasiel-puig-has-robinson-canos-dad-jose-pitching-in-home-run-derby?ymd=20140714&content_id=84713986&vkey=news_la', 'Yasiel Puig remembers being captivated by the 2011 Home Run Derby, when Robinson Cano was pitched to by his father, Jose, on his way to the Derby title. On Monday night, it''s was Puig''s turn to step into the box during the long-ball showcase, and Jose Cano was his pitcher.', 1, 1405388484, 'Mon, 14 Jul 2014 21:41:24 EDT', 28),
(363, 'Right on Target: Stars align at Twins'' home park', 'http://mlb.mlb.com/mlb/gameday/index.jsp?gid=2014_07_15_nasmlb_aasmlb_1&mode=preview&c_id=mlb', 'It''s regarded as one of baseball''s best parks, and Target Field will be on full display Tuesday night when the game''s best players take the field for the 85th annual All-Star Game. "It''s a big moment," said Twins manager Ron Gardenhire. "It''s a big thing for us. It''s well-deserved. A lot of people have put a lot of work in here at the stadium."', 1, 1405384253, 'Mon, 14 Jul 2014 20:30:53 EDT', 28),
(364, 'Dee rides position switch to Midsummer Classic', 'http://mlb.mlb.com/news/article/la/dodgers-dee-gordon-rides-position-switch-to-all-star-game?ymd=20140714&content_id=84714582&vkey=news_la', 'In his first full season as a second baseman, Dodgers speedster Dee Gordon finds himself a second generation All-Star. His father, Tom Gordon, was a three-time All-Star during a 21-year big league career as a pitcher.', 1, 1405379371, 'Mon, 14 Jul 2014 19:09:31 EDT', 28),
(365, 'Kershaw doesn''t feel slighted by Waino''s start', 'http://mlb.mlb.com/news/article/la/clayton-kershaw-doesnt-feel-slighted-by-adam-wainwrights-start?ymd=20140714&content_id=84706912&vkey=news_la', 'Clayton Kershaw would love to start an All-Star Game, but the fact that he was passed up the past two seasons doesn''t faze him in the least, as the left-hander is focused on the Dodgers'' pursuit of a World Series title.', 1, 1405376829, 'Mon, 14 Jul 2014 18:27:09 EDT', 28),
(366, 'Los Angeles awards $13.9 million to Stow', 'http://mlb.mlb.com/news/article/la/los-angeles-awards-139-million-to-bryan-stow?ymd=20140714&content_id=84697070&vkey=news_la', 'Bryan Stow, a Giants fan who was seriously injured during an altercation in a Dodger Stadium parking lot after the 2011 Opening Day game, was awarded $13.9 million for lost wages, past and future medical expenses, and non-economic damages by a Los Angeles Superior Court jury last Wednesday.', 1, 1405375281, 'Mon, 14 Jul 2014 18:01:21 EDT', 28),
(367, 'Seager starts Futures Game in advance of promotion', 'http://mlb.mlb.com/news/article/la/corey-seager-starts-futures-game-in-advance-of-promotion?ymd=20140713&content_id=84612352&vkey=news_la', 'Corey Seager went 0-for-1 and was hit by a pitch in Sunday''s SiriusXM All-Star Futures Game for the U.S. squad in its 3-2 victory over the World team. Julio Urias also appeared, throwing 14 pitches in a perfect fifth inning.', 1, 1405300504, 'Sun, 13 Jul 2014 21:15:04 EDT', 28),
(368, 'Dodgers unable to complete double play after review', 'http://mlb.mlb.com/news/article/la/los-angeles-dodgers-unable-to-complete-double-play-after-review?ymd=20140713&content_id=84576692&vkey=news_la', 'Dodgers manager Don Mattingly lost a challenge in the top of the seventh inning against the Padres on Sunday.', 1, 1405290933, 'Sun, 13 Jul 2014 18:35:33 EDT', 28),
(369, 'Crawford garners first start since return from DL', 'http://mlb.mlb.com/news/article.jsp?ymd=20140713&content_id=84524650&notebook_id=84534836&vkey=notebook_la&c_id=la', 'Left fielder Carl Crawford was in the Dodgers'' starting lineup on Sunday for the first time since coming off the disabled list. Crawford, who missed 40 games with a left ankle sprain, was activated Thursday and played off the bench on Friday and Saturday.', 1, 1405282058, 'Sun, 13 Jul 2014 16:07:38 EDT', 28),
(370, 'Kershaw ''perfectly set up'' for All-Star appearance', 'http://mlb.mlb.com/news/article.jsp?ymd=20140713&content_id=84524650&notebook_id=84535156&vkey=notebook_la&c_id=la', 'Dodgers ace Clayton Kershaw is in line to start the All Star Game -- should he get the call. Tuesday is Kershaw''s regular day to throw, Dodgers manager Don Mattingly said.', 1, 1405282057, 'Sun, 13 Jul 2014 16:07:37 EDT', 28),
(371, 'Royals Minor League report: July 14', 'http://mlb.mlb.com/news/article/kc/royals-minor-league-report-july-14?ymd=20140715&content_id=84760770&vkey=news_kc', 'The Storm Chasers enjoyed day one of the PCL All-Star Break. Catcher Francisco Pena, outfielder Paulo Orlando and reliever Spencer Patton will participate in the Triple-A All-Star Game on Wednesday night at Durham. The game will be broadcast on MLB Network at 6 p.m. Central.', 1, 1405399134, 'Tue, 15 Jul 2014 00:38:54 EDT', 9),
(372, 'Right on Target: Stars align at Twins'' home park', 'http://mlb.mlb.com/mlb/gameday/index.jsp?gid=2014_07_15_nasmlb_aasmlb_1&mode=preview&c_id=mlb', 'It''s regarded as one of baseball''s best parks, and Target Field will be on full display Tuesday night when the game''s best players take the field for the 85th annual All-Star Game. "It''s a big moment," said Twins manager Ron Gardenhire. "It''s a big thing for us. It''s well-deserved. A lot of people have put a lot of work in here at the stadium."', 1, 1405384253, 'Mon, 14 Jul 2014 20:30:53 EDT', 9),
(373, 'Trio believes return to ASG shows KC''s progress', 'http://mlb.mlb.com/news/article.jsp?ymd=20140714&content_id=84693540&notebook_id=84692352&vkey=notebook_kc&c_id=kc', 'After 10 seasons of sending only one representative to the All-Star Game, the Royals have now sent a three-man contingent to the Midsummer Classic for the second straight year.', 1, 1405370337, 'Mon, 14 Jul 2014 16:38:57 EDT', 9),
(374, 'Injured Gordon happy to soak in All-Star week', 'http://mlb.mlb.com/news/article.jsp?ymd=20140714&content_id=84693540&notebook_id=84692350&vkey=notebook_kc&c_id=kc', 'When he sustained a right wrist sprain that would sideline him during the All-Star Game, Alex Gordon could''ve chosen to take a four-day break and skip the trip to Minnesota, as some injured players do. Gordon didn''t even think about it.', 1, 1405370335, 'Mon, 14 Jul 2014 16:38:55 EDT', 9),
(375, 'After idolizing Molina, Perez paving own All-Star path', 'http://mlb.mlb.com/news/article/kc/after-idolizing-yadier-molina-royals-catcher-salvador-perez-paving-own-all-star-path?ymd=20140714&content_id=84687340&vkey=news_kc', 'When Salvador Perez is asked which catchers he looked up to as a kid, he doesn''t hesitate before answering, and he only needs to name one. "Molina, Yadier Molina," Perez says. "I watched a lot of video. I wanted to be like him because he''s the best in the league. I just try to be like him."', 1, 1405376523, 'Mon, 14 Jul 2014 18:22:03 EDT', 9),
(376, 'Jeter leading off for power-packed AL lineup', 'http://mlb.mlb.com/news/article/kc/derek-jeter-leading-off-for-power-packed-al-lineup?ymd=20140714&content_id=84681662&vkey=news_kc', 'The American League''s high-powered starting lineup for Tuesday''s All-Star Game is set, and fans won''t have to wait long to see Derek Jeter step into the box.', 1, 1405365914, 'Mon, 14 Jul 2014 15:25:14 EDT', 9),
(377, 'Salvy gets needed break before All-Star start', 'http://mlb.mlb.com/news/article.jsp?ymd=20140713&content_id=84486140&notebook_id=84509158&vkey=notebook_kc&c_id=kc', 'Salvador Perez will be the starting catcher for the American League All-Stars on Tuesday night at Target Field and that''s just part of the reason that Royals manager Ned Yost held him out of Sunday''s starting lineup against the Tigers.', 1, 1405272586, 'Sun, 13 Jul 2014 13:29:46 EDT', 9),
(378, 'Holland looking forward to All-Star experience', 'http://mlb.mlb.com/news/article.jsp?ymd=20140713&content_id=84486140&notebook_id=84509048&vkey=notebook_kc&c_id=kc', 'Closer Greg Holland, along with left fielder Alex Gordon and catcher Salvador Perez, was off to represent the Royals in Tuesday night''s All-Star Game at Target Field.', 1, 1405272584, 'Sun, 13 Jul 2014 13:29:44 EDT', 9),
(379, 'Jirschele''s number to be retired by Omaha', 'http://mlb.mlb.com/news/article.jsp?ymd=20140713&content_id=84486140&notebook_id=84509046&vkey=notebook_kc&c_id=kc', 'Royals third-base coach Mike Jirschele will have a special moment during the All-Star break. On Thursday night at Triple-A Omaha, his uniform No. 23 will be retired by the Storm Chasers.', 1, 1405272582, 'Sun, 13 Jul 2014 13:29:42 EDT', 9),
(380, 'Shields, KC hoping to get on second-half roll', 'http://mlb.mlb.com/mlb/gameday/index.jsp?gid=2014_07_18_kcamlb_bosmlb_1&mode=preview&vkey=preview_web_away&c_id=kc', 'James Shields and the Royals will look to get on another roll after the All-Star break when they battle Clay Buchholz and the Red Sox in Friday''s series opener.', 1, 1405293619, 'Sun, 13 Jul 2014 19:20:19 EDT', 9),
(381, 'Tom Brady most consistent ''Top 100'' presence since ''11', 'http://www.nfl.com/news/story/0ap2000000364232/article/tom-brady-most-consistent-top-100-presence-since-11', '', 2, 1405008360, '2014-07-10T16:06:00Z', 31),
(382, 'Aaron Dobson optimistic about readiness for Pats camp', 'http://www.nfl.com/news/story/0ap2000000364009/article/aaron-dobson-optimistic-about-readiness-for-pats-camp', '', 2, 1404918600, '2014-07-09T15:10:00Z', 31),
(383, 'Making The Leap, No. 5: Patriots'' Jamie Collins', 'http://www.nfl.com/news/story/0ap2000000363560/article/making-the-leap-no-5-patriots-jamie-collins', '', 2, 1404687900, '2014-07-06T23:05:00Z', 31),
(384, 'Darrelle Revis praises the Patriot Way', 'http://www.nfl.com/news/story/0ap2000000362336/article/darrelle-revis-praises-the-patriot-way', '', 2, 1404061200, '2014-06-29T17:00:00Z', 31),
(385, 'Montana to Brady, Peyton: ''Play as long as you can''', 'http://www.nfl.com/news/story/0ap2000000361574/article/montana-to-brady-peyton-play-as-long-as-you-can', '', 2, 1403742060, '2014-06-26T00:21:00Z', 31),
(386, 'Jimmy Graham tops preseason tight end rankings', 'http://www.nfl.com/news/story/0ap2000000361556/article/jimmy-graham-tops-preseason-tight-end-rankings', '', 2, 1403712300, '2014-06-25T16:05:00Z', 31),
(387, 'McCourty: Greg Schiano tougher than Bill Belichick', 'http://www.nfl.com/news/story/0ap2000000361539/article/mccourty-greg-schiano-tougher-than-bill-belichick', '', 2, 1403706600, '2014-06-25T14:30:00Z', 31),
(388, 'Patriots'' Darrelle Revis: I don''t have to ''prove nothing''', 'http://www.nfl.com/news/story/0ap2000000360808/article/patriots-darrelle-revis-i-dont-have-to-prove-nothing', '', 2, 1403446860, '2014-06-22T14:21:00Z', 31),
(389, 'Rob Gronkowski, Patriots aiming for Week 1 return', 'http://www.nfl.com/news/story/0ap2000000360744/article/rob-gronkowski-patriots-aiming-for-week-1-return', '', 2, 1403311440, '2014-06-21T00:44:00Z', 31),
(390, 'Kevin Williams turned down more money from Patriots', 'http://www.nfl.com/news/story/0ap2000000359060/article/kevin-williams-turned-down-more-money-from-patriots', '', 2, 1402957500, '2014-06-16T22:25:00Z', 31),
(391, 'Remembering Steve McNair on his death anniversary', 'http://www.nfl.com/news/story/0ap2000000363503/article/remembering-steve-mcnair-on-his-death-anniversary', '', 2, 1404500520, '2014-07-04T19:02:00Z', 41),
(392, 'Titans'' Delanie Walker ''looking to catch 80 balls'' in ''14', 'http://www.nfl.com/news/story/0ap2000000362991/article/titans-delanie-walker-looking-to-catch-80-balls-in-14', '', 2, 1404307980, '2014-07-02T13:33:00Z', 41),
(393, 'Titans OC: Jake Locker ''worked butt off'' to be ready', 'http://www.nfl.com/news/story/0ap2000000362340/article/titans-oc-jake-locker-worked-butt-off-to-be-ready', '', 2, 1404065340, '2014-06-29T18:09:00Z', 41),
(394, 'Bernard Pollard debuts as inventor, businessman', 'http://www.nfl.com/news/story/0ap2000000362316/article/bernard-pollard-debuts-as-inventor-businessman', '', 2, 1403989020, '2014-06-28T20:57:00Z', 41),
(395, 'Titans prep rookie Taylor Lewan for right, left tackle', 'http://www.nfl.com/news/story/0ap2000000361864/article/titans-prep-rookie-taylor-lewan-for-right-left-tackle', '', 2, 1403810520, '2014-06-26T19:22:00Z', 41),
(396, 'Chris Johnson calls Titans ''nasty'' for late release', 'http://www.nfl.com/news/story/0ap2000000360087/article/chris-johnson-calls-titans-nasty-for-late-release', '', 2, 1403135160, '2014-06-18T23:46:00Z', 41),
(397, 'Bishop Sankey signs contract with Tennessee Titans', 'http://www.nfl.com/news/story/0ap2000000359526/article/bishop-sankey-signs-contract-with-tennessee-titans', '', 2, 1403036880, '2014-06-17T20:28:00Z', 41),
(398, 'Ex-Titans running back Rodney Thomas dies at 41', 'http://www.nfl.com/news/story/0ap2000000358823/article/extitans-running-back-rodney-thomas-dies-at-41', '', 2, 1402882260, '2014-06-16T01:31:00Z', 41),
(399, 'Making the Leap, No. 21: Justin Hunter', 'http://www.nfl.com/news/story/0ap2000000358388/article/making-the-leap-no-21-justin-hunter', '', 2, 1402662840, '2014-06-13T12:34:00Z', 41),
(400, 'Tennessee Titans talking contract with Jurrell Casey', 'http://www.nfl.com/news/story/0ap2000000357067/article/tennessee-titans-talking-contract-with-jurrell-casey', '', 2, 1402416240, '2014-06-10T16:04:00Z', 41),
(401, 'Jimmy Graham, Saints agree to 4-year, $40M contract', 'http://www.nfl.com/news/story/0ap2000000365229/article/jimmy-graham-saints-agree-to-4year-40m-contract', '', 2, 1405430040, '2014-07-15T13:14:00Z', 0),
(402, 'Jermichael Finley: Pittsburgh Steelers offered deals', 'http://www.nfl.com/news/story/0ap2000000365227/article/jermichael-finley-pittsburgh-steelers-offered-deals', '', 2, 1405425840, '2014-07-15T12:04:00Z', 0),
(403, 'Greg Hardy pleads not guilty to assault charge', 'http://www.nfl.com/news/story/0ap2000000365296/article/greg-hardy-pleads-not-guilty-to-assault-charge', '', 2, 1405444380, '2014-07-15T17:13:00Z', 0),
(404, 'Mike Wallace: I might return kicks for Miami Dolphins', 'http://www.nfl.com/news/story/0ap2000000365297/article/mike-wallace-i-might-return-kicks-for-miami-dolphins', '', 2, 1405444440, '2014-07-15T17:14:00Z', 0);
INSERT INTO `news` (`news_id`, `title`, `link`, `description`, `sport_id`, `time_added`, `pubdate`, `team_id`) VALUES
(405, 'Redskins'' Brian Orakpo likely to play ''14 season on tag', 'http://www.nfl.com/news/story/0ap2000000365256/article/redskins-brian-orakpo-likely-to-play-14-season-on-tag', '', 2, 1405436520, '2014-07-15T15:02:00Z', 0),
(406, 'Dwayne Bowe loses weight, hopes to regain old form', 'http://www.nfl.com/news/story/0ap2000000365270/article/dwayne-bowe-loses-weight-hopes-to-regain-old-form', '', 2, 1405438620, '2014-07-15T15:37:00Z', 0),
(407, '2014 NFL training camp reporting dates and locations', 'http://www.nfl.com/news/story/0ap2000000364802/article/2014-nfl-training-camp-reporting-dates-and-locations', '', 2, 1405355160, '2014-07-14T16:26:00Z', 0),
(408, '\n				Spurs make Diaw re-signing official\n				', 'http://www.nba.com/2014/news/07/15/spurs-announce-diaw-signing.ap/index.html?rss=true\n			', 'The San Antonio Spurs completed their signing of veteran forward Boris Diaw on Tuesday.', 3, 1405445546, 'Tue, 15 Jul 2014 13:32:26 EDT', 0),
(409, '\n				Thunder sign Sebastian Telfair\n				', 'http://www.nba.com/2014/news/07/15/thunder-sign-telfair.ap/index.html?rss=true\n			', 'The Oklahoma City Thunder have signed free agent point guard Sebastian Telfair.', 3, 1405441964, 'Tue, 15 Jul 2014 12:32:44 EDT', 0),
(410, '\n				Akron ready to celebrate LeBron&amp;apos;s homecoming\n				', 'http://www.nba.com/2014/news/07/15/akron-plans-lebron-party.ap/index.html?rss=true\n			', 'LeBron James'' hometown is planning a big party for his homecoming.', 3, 1405439460, 'Tue, 15 Jul 2014 11:51:00 EDT', 0),
(411, '\n				Mirotic&amp;apos;s arrival to Bulls adds intrigue to ROY race\n				', 'http://www.nba.com/2014/news/07/15/rookie-ladder-after-day-4/index.html?rss=true\n			', 'There are the NBA implications of Nikola Mirotic''s at-last move from Madrid to Chicago to give the Bulls more front-court depth and shooting three years after being drafted in the first round, plus the effect on European basketball and the second-best league in the world in particular after he developed into a star in Spain''s ACB. And there are the Ladder implications, obviously.', 3, 1405426381, 'Tue, 15 Jul 2014 08:13:01 EDT', 0),
(412, '\n				Exum headlines Australia squad for World Cup\n				', 'http://www.nba.com/2014/news/07/15/exum-australia-squad.ap/index.html?rss=true\n			', 'Utah Jazz draft pick Dante Exum is among four NBA players picked in an Australian squad that heads to the World Cup of Basketball in Spain next month without injured Andrew Bogut and Patty Mills.', 3, 1405404128, 'Tue, 15 Jul 2014 02:02:08 EDT', 0),
(413, '\n				Bulls clear cap space, make room for Gasol\n				', 'http://www.nba.com/2014/news/07/14/bulls-make-moves.ap/index.html?rss=true\n			', 'The Chicago Bulls made two trades Monday to clear salary-cap space, setting the stage for the addition of free-agent center Pau Gasol.', 3, 1405384334, 'Mon, 14 Jul 2014 20:32:14 EDT', 0),
(414, '\n				Magic add shooter with veteran Frye\n				', 'http://www.nba.com/2014/news/07/14/magic-sign-channing-frye.ap/index.html?rss=true\n			', 'Entering free agency this offseason Orlando Magic general manager Rob Hennigan predicted only minor, not major tinkering with his roster unless there was a piece he and his staff felt like they had to have.', 3, 1405382092, 'Mon, 14 Jul 2014 19:54:52 EDT', 0),
(415, '\n				Veteran swingman Granger signs with Heat\n				', 'http://www.nba.com/2014/news/07/14/heat-sign-granger/index.html?rss=true\n			', 'The Miami Heat announced today that they have signed forward Danny Granger. Per club policy, terms of the deal were not disclosed.', 3, 1405380031, 'Mon, 14 Jul 2014 19:20:31 EDT', 0),
(416, '\n				Patterson hopes Raptors can keep winning\n				', 'http://www.nba.com/2014/news/07/14/raptors-patterson.ap/index.html?rss=true\n			', ' Patrick Patterson saw the Raptors bring back guards Kyle Lowry and Greivis Vasquez and coach Dwane Casey, and he wanted to stay along for the ride.', 3, 1405379212, 'Mon, 14 Jul 2014 19:06:52 EDT', 0),
(417, '\n				Heat complete deals with McRoberts, Chalmers\n				', 'http://www.nba.com/2014/news/07/14/heat-moves.ap/index.html?rss=true\n			', 'The Miami Heat signed free-agent forwards Josh McRoberts and Danny Granger on Monday, and brought back incumbent point guard Mario Chalmers.', 3, 1405381026, 'Mon, 14 Jul 2014 19:37:06 EDT', 0),
(418, 'Oilers sign minor-league centre Andrew Miller to one-year contract', 'http://www.nhl.com/ice/news.htm?id=725972', '\r\nEDMONTON - The Edmonton Oilers have signed centre Andrew Miller to a one-year contract.\r\n\r\nMiller, 25, spent last season with the AHL''s Oklahoma City Barons, recording eight goals and 26 assists in 52 games.\r\n\r\nThe five-foot-ten, 180-pound Bloom...', 4, 1405443301, 'Tue, 15 Jul 2014 12:55:01 EDT', 0),
(419, 'Official 2014 free agent signings tracker', 'http://www.nhl.com/ice/news.htm?id=724642', 'NOTE: This is the official free agent signings list as of July 15 at 12:40 PM ET.\r\n\r\nDATE PLAYER 2014-15 TEAM PREVIOUS TEAM\r\n\r\nJULY 15 F Andrew Miller Edmonton Edmonton\r\nJULY 15 F Derek Roy Nashville St.Louis\r\nJULY 15 F Mike Ribeiro Nashville Ariz...', 4, 1405442400, 'Tue, 15 Jul 2014 12:40:00 EDT', 0),
(420, 'Official 2014 list of available free agents', 'http://www.nhl.com/ice/news.htm?id=724639', 'NOTE: Below is a list of players, who, effective July 1, became free agents. Players will be removed upon signing with a team.\r\n\r\nANAHEIM DUCKS\r\n\r\nGroup 2 FAs: Andre Petersson, Jakob Silfverberg, Devante Smith-Pelly, Sami Vatanen.\r\n\r\nGroup 3 UFAs:...', 4, 1405442400, 'Tue, 15 Jul 2014 12:40:00 EDT', 0),
(421, 'Predators sign Ribeiro, Roy to one-year contracts', 'http://www.nhl.com/ice/news.htm?id=726262', 'The Nashville Predators addressed their need for centers on Tuesday by signing Mike Ribeiro and Derek Roy to one-year contracts. Ribeiro will make $1.05 million and Roy signed for $1 million.\r\n\r\nRibeiro, 34, was an unrestricted free agent after th...', 4, 1405442100, 'Tue, 15 Jul 2014 12:35:00 EDT', 0),
(422, 'Nashville Predators sign veteran forwards Mike Ribeiro, Derek Roy to 1-year contracts', 'http://www.nhl.com/ice/news.htm?id=725971', '\r\nNASHVILLE, Tenn. - The Nashville Predators have signed veteran forwards Mike Ribeiro and Derek Roy to one-year contracts.\r\n\r\nBoth signings were announced Tuesday. Ribeiro''s contract is worth $1.05 million. Roy''s is worth $1 million.\r\n\r\nRibeiro h...', 4, 1405442100, 'Tue, 15 Jul 2014 12:35:00 EDT', 0),
(423, 'Red Wings name Granato assistant coach', 'http://www.nhl.com/ice/news.htm?id=726203', 'Tony Granato was hired as an assistant coach by the Detroit Red Wings, the team announced Tuesday.\r\n\r\nGranato, 49, was an assistant coach with the Pittsburgh Penguins for the past five seasons (2009-14) and guided their defense (2.49 goals-against...', 4, 1405440300, 'Tue, 15 Jul 2014 12:05:00 EDT', 0),
(424, 'Bruins re-sign Bartkowski, sign top-pick Pastrnak', 'http://www.nhl.com/ice/news.htm?id=726174', 'Restricted free agent defenseman Matt Bartkowski and 2014 first-round draft pick David Pastrnak signed with the Boston Bruins on Tuesday.\r\n\r\nBartkowski, 26, signed a one-year, $1.25 million contract to avoid an arbitration hearing. He had 18 assis...', 4, 1405438560, 'Tue, 15 Jul 2014 11:36:00 EDT', 0),
(425, 'Donovan, Gallant accept Islanders qualifying offers', 'http://www.nhl.com/ice/news.htm?id=726254', 'Defenseman Matt Donovan and forward Brett Gallant accepted their qualifying offers from the New York Islanders, the team announced Tuesday.\r\n\r\nTerms of each contract were not disclosed, but Donovan will be paid $826,875 next season, according to C...', 4, 1405437600, 'Tue, 15 Jul 2014 11:20:00 EDT', 0),
(426, 'Blue Jackets re-sign Erixon to one-year contract', 'http://www.nhl.com/ice/news.htm?id=726253', 'The Columbus Blue Jackets re-signed defenseman Tim Erixon to a one-year contract, the team announced Tuesday. Financial terms were not disclosed.\r\n\r\nErixon, 23, was acquired from the New York Rangers on July 23, 2012 in a multi-player trade that b...', 4, 1405437420, 'Tue, 15 Jul 2014 11:17:00 EDT', 0),
(427, 'Penguins'' Crosby does not need wrist surgery', 'http://www.nhl.com/ice/news.htm?id=726232', 'Pittsburgh Penguins center Sidney Crosby will not need surgery to repair an injury to his right wrist, the team announced Tuesday.\r\n\r\nOn July 9 the Penguins said Crosby had been receiving treatment for a wrist injury he sustained at some point las...', 4, 1405437360, 'Tue, 15 Jul 2014 11:16:00 EDT', 0),
(428, 'Ravens'' Jimmy Smith arrested for disorderly conduct', 'http://www.nfl.com/news/story/0ap2000000364900/article/ravens-jimmy-smith-arrested-for-disorderly-conduct', '', 2, 1405264620, '2014-07-13T15:17:00Z', 37),
(429, 'John Harbaugh expects Ravens'' D to be top-five in NFL', 'http://www.nfl.com/news/story/0ap2000000364594/article/john-harbaugh-expects-ravens-d-to-be-topfive-in-nfl', '', 2, 1405103820, '2014-07-11T18:37:00Z', 37),
(430, 'Ravens'' Dennis Pitta prepping for ''variety of positions''', 'http://www.nfl.com/news/story/0ap2000000363993/article/ravens-dennis-pitta-prepping-for-variety-of-positions', '', 2, 1404913440, '2014-07-09T13:44:00Z', 37),
(431, 'Remembering Steve McNair on his death anniversary', 'http://www.nfl.com/news/story/0ap2000000363503/article/remembering-steve-mcnair-on-his-death-anniversary', '', 2, 1404500520, '2014-07-04T19:02:00Z', 37),
(432, 'Joe Flacco: Ray Rice showed a lot during Ravens camp', 'http://www.nfl.com/news/story/0ap2000000363492/article/joe-flacco-ray-rice-showed-a-lot-during-ravens-camp', '', 2, 1404483240, '2014-07-04T14:14:00Z', 37),
(433, 'Ravens'' Ozzie Newsome: ''We''ll be better on offense''', 'http://www.nfl.com/news/story/0ap2000000362274/article/ravens-ozzie-newsome-well-be-better-on-offense', '', 2, 1403965140, '2014-06-28T14:19:00Z', 37),
(434, 'Ravens'' Ozzie Newsome wants to extend Haloti Ngata', 'http://www.nfl.com/news/story/0ap2000000362141/article/ravens-ozzie-newsome-wants-to-extend-haloti-ngata', '', 2, 1403898480, '2014-06-27T19:48:00Z', 37),
(435, 'Ray Rice met with Commissioner Goodell on Monday', 'http://www.nfl.com/news/story/0ap2000000359068/article/ray-rice-met-with-commissioner-goodell-on-monday', '', 2, 1402959780, '2014-06-16T23:03:00Z', 37),
(436, 'Brandon Flowers reportedly contacted by 10 teams', 'http://www.nfl.com/news/story/0ap2000000358894/article/brandon-flowers-reportedly-contacted-by-10-teams', '', 2, 1402936140, '2014-06-16T16:29:00Z', 37),
(437, 'Dennis Pitta healthy, shooting for ''breakout year''', 'http://www.nfl.com/news/story/0ap2000000356686/article/dennis-pitta-healthy-shooting-for-breakout-year', '', 2, 1402253820, '2014-06-08T18:57:00Z', 37),
(438, 'Maurice Jones-Drew: London deserves NFL franchise', 'http://www.nfl.com/news/story/0ap2000000364376/article/maurice-jonesdrew-london-deserves-nfl-franchise', '', 2, 1405035900, '2014-07-10T23:45:00Z', 46),
(439, 'Donald Penn: Raiders to ''run the ball, then run it again''', 'http://www.nfl.com/news/story/0ap2000000363755/article/donald-penn-raiders-to-run-the-ball-then-run-it-again', '', 2, 1404829500, '2014-07-08T14:25:00Z', 46),
(440, 'Taiwan Jones: Raiders'' vets see team ''close'' to winning', 'http://www.nfl.com/news/story/0ap2000000363746/article/taiwan-jones-raiders-vets-see-team-close-to-winning', '', 2, 1404826860, '2014-07-08T13:41:00Z', 46),
(441, 'Khalil Mack wants to sack Tom Brady, Peyton Manning', 'http://www.nfl.com/news/story/0ap2000000363604/article/khalil-mack-wants-to-sack-tom-brady-peyton-manning', '', 2, 1404733620, '2014-07-07T11:47:00Z', 46),
(442, 'Maurice Jones-Drew contemplated retirement post-''13', 'http://www.nfl.com/news/story/0ap2000000362350/article/maurice-jonesdrew-contemplated-retirement-post13', '', 2, 1404071340, '2014-06-29T19:49:00Z', 46),
(443, 'Andre Holmes pushing for bigger role with Raiders', 'http://www.nfl.com/news/story/0ap2000000361996/article/andre-holmes-pushing-for-bigger-role-with-raiders', '', 2, 1403874600, '2014-06-27T13:10:00Z', 46),
(444, 'Raiders have rookie Khalil Mack''s ''head spinning''', 'http://www.nfl.com/news/story/0ap2000000360802/article/raiders-have-rookie-khalil-macks-head-spinning', '', 2, 1403382660, '2014-06-21T20:31:00Z', 46),
(445, 'Derek Carr bypasses Matt McGloin on depth chart', 'http://www.nfl.com/news/story/0ap2000000360624/article/derek-carr-bypasses-matt-mcgloin-on-depth-chart', '', 2, 1403286060, '2014-06-20T17:41:00Z', 46),
(446, 'Is Denarius Moore falling out of favor with Raiders?', 'http://www.nfl.com/news/story/0ap2000000359080/article/is-denarius-moore-falling-out-of-favor-with-raiders', '', 2, 1402963440, '2014-06-17T00:04:00Z', 46),
(447, 'What is the Oakland Raiders'' plan at quarterback?', 'http://www.nfl.com/news/story/0ap2000000358391/article/what-is-the-oakland-raiders-plan-at-quarterback', '', 2, 1402672260, '2014-06-13T15:11:00Z', 46),
(448, 'Redskins'' Brian Orakpo likely to play ''14 season on tag', 'http://www.nfl.com/news/story/0ap2000000365256/article/redskins-brian-orakpo-likely-to-play-14-season-on-tag', '', 2, 1405436520, '2014-07-15T15:02:00Z', 49),
(449, 'RGIII: Alfred Morris is Redskins'' biggest weapon', 'http://www.nfl.com/news/story/0ap2000000364213/article/rgiii-alfred-morris-is-redskins-biggest-weapon', '', 2, 1405002420, '2014-07-10T14:27:00Z', 49),
(450, 'Leonard Hankerson''s Redskins future up in the air', 'http://www.nfl.com/news/story/0ap2000000363765/article/leonard-hankersons-redskins-future-up-in-the-air', '', 2, 1404835440, '2014-07-08T16:04:00Z', 49),
(451, 'RGIII statue will be unveiled outside Baylor''s new stadium', 'http://www.nfl.com/news/story/0ap2000000363740/article/rgiii-statue-will-be-unveiled-outside-baylors-new-stadium', '', 2, 1404822840, '2014-07-08T12:34:00Z', 49),
(452, 'Sean McVay: Redskins'' Robert Griffin III looks explosive', 'http://www.nfl.com/news/story/0ap2000000363518/article/sean-mcvay-redskins-robert-griffin-iii-looks-explosive', '', 2, 1404573120, '2014-07-05T15:12:00Z', 49),
(453, 'Jordan Reed one of NFL''s most talented tight ends?', 'http://www.nfl.com/news/story/0ap2000000363493/article/jordan-reed-one-of-nfls-most-talented-tight-ends', '', 2, 1404485220, '2014-07-04T14:47:00Z', 49),
(454, 'RGIII: There are no more ''ulterior motives'' in D.C.', 'http://www.nfl.com/news/story/0ap2000000363322/article/rgiii-there-are-no-more-ulterior-motives-in-dc', '', 2, 1404409080, '2014-07-03T17:38:00Z', 49),
(455, 'Making the Leap, No. 12: Redskins'' Jordan Reed', 'http://www.nfl.com/news/story/0ap2000000361701/article/making-the-leap-no-12-redskins-jordan-reed', '', 2, 1403734800, '2014-06-25T22:20:00Z', 49),
(456, 'Jim Haslett hints at bounce-back year for Redskins'' D', 'http://www.nfl.com/news/story/0ap2000000360688/article/jim-haslett-hints-at-bounceback-year-for-redskins-d', '', 2, 1403294520, '2014-06-20T20:02:00Z', 49),
(457, 'Redskins'' Jason Hatcher to undergo left knee surgery', 'http://www.nfl.com/news/story/0ap2000000359729/article/redskins-jason-hatcher-to-undergo-left-knee-surgery', '', 2, 1403105460, '2014-06-18T15:31:00Z', 49);

-- --------------------------------------------------------

--
-- Table structure for table `sport`
--

CREATE TABLE IF NOT EXISTS `sport` (
  `sport_id` int(11) NOT NULL AUTO_INCREMENT,
  `sport` text COLLATE utf8_swedish_ci NOT NULL,
  `feed` text COLLATE utf8_swedish_ci NOT NULL,
  PRIMARY KEY (`sport_id`)
) ENGINE=InnoDB  DEFAULT CHARSET=utf8 COLLATE=utf8_swedish_ci AUTO_INCREMENT=5 ;

--
-- Dumping data for table `sport`
--

INSERT INTO `sport` (`sport_id`, `sport`, `feed`) VALUES
(1, 'MLB', 'http://mlb.mlb.com/partnerxml/gen/news/rss/mlb.xml'),
(2, 'NFL', 'http://www.nfl.com/rss/rsslanding?searchString=home'),
(3, 'NBA', 'http://www.nba.com/rss/nba_rss.xml'),
(4, 'NHL', 'http://www.nhl.com/rss/news.xml');

-- --------------------------------------------------------

--
-- Table structure for table `teams`
--

CREATE TABLE IF NOT EXISTS `teams` (
  `id` int(11) NOT NULL AUTO_INCREMENT,
  `team_abbr` text COLLATE utf8_swedish_ci NOT NULL,
  `team_fullname` text COLLATE utf8_swedish_ci NOT NULL,
  `sport_id` int(11) NOT NULL,
  PRIMARY KEY (`id`)
) ENGINE=InnoDB  DEFAULT CHARSET=utf8 COLLATE=utf8_swedish_ci AUTO_INCREMENT=63 ;

--
-- Dumping data for table `teams`
--

INSERT INTO `teams` (`id`, `team_abbr`, `team_fullname`, `sport_id`) VALUES
(1, 'bal', 'Baltimore Orioles', 1),
(2, 'bos', 'Boston Red Sox', 1),
(3, 'nyy', 'New York Yankees', 1),
(4, 'tb', 'Tampa Bay Rays', 1),
(5, 'tor', 'Toronto Blue Jays', 1),
(6, 'cws', 'Chicago White Sox', 1),
(7, 'cle', 'Cleveland Indians', 1),
(8, 'det', 'Detroit Tigers', 1),
(9, 'kc', 'Kansas City Royals', 1),
(10, 'min', 'Minnesota Twins', 1),
(11, 'hou', 'Houston Astros', 1),
(12, 'ana', 'Los Angeles Angels of Anaheim', 1),
(13, 'oak', 'Oakland Athletics', 1),
(14, 'sea', 'Seattle Mariners', 1),
(15, 'tex', 'Texas Rangers', 1),
(16, 'atl', 'Atlanta Braves', 1),
(17, 'mia', 'Miami Marlins', 1),
(18, 'nym', 'New York Mets', 1),
(19, 'phi', 'Philadelphia Phillies', 1),
(20, 'was', 'Washington Nationals', 1),
(21, 'chc', 'Chicago Cubs', 1),
(22, 'cin', 'Cincinnati Reds', 1),
(23, 'mil', 'Milwaukee Brewers', 1),
(24, 'pit', 'Pittsburgh Pirates', 1),
(25, 'stl', 'St Louis Cardinals', 1),
(26, 'ari', 'Arizona Diamondbacks', 1),
(27, 'col', 'Colorado Rockies', 1),
(28, 'la', 'Los Angeles Dodgers', 1),
(29, 'sd', 'San Diego Padres', 1),
(30, 'sf', 'San Francisco Giants', 1),
(31, 'ne', 'New England Patriots', 2),
(32, 'mia', 'Miami Dolphins', 2),
(33, 'nyj', 'New York Jets', 2),
(34, 'buf', 'Buffalo Bills', 2),
(35, 'cin', 'Cincinnati Bengals', 2),
(36, 'pit', 'Pittsburgh Steelers', 2),
(37, 'bal', 'Baltimore Ravens', 2),
(38, 'clv', 'Cleveland Browns', 2),
(39, 'ind', 'Indianapolis Colts', 2),
(40, 'hou', 'Houston Texans', 2),
(41, 'ten', 'Tennessee Titans', 2),
(42, 'jax', 'Jacksonville Jaguars', 2),
(43, 'nc', 'Kansas City Chiefs', 2),
(44, 'den', 'Denver Broncos', 2),
(45, 'sd', 'San Diego Chargers', 2),
(46, 'oak', 'Oakland Raiders', 2),
(47, 'phi', 'Philadelphia Eagles', 2),
(48, 'dal', 'Dallas Cowboys', 2),
(49, 'was', 'Washington Redskins', 2),
(50, 'nyg', 'New York Giants', 2),
(51, 'det', 'Detroit Lions', 2),
(52, 'chi', 'Chicago Bears', 2),
(53, 'gb', 'Green Bay Packers', 2),
(54, 'min', 'Minnesota Vikings', 2),
(55, 'no', 'New Orleans Saints', 2),
(56, 'tb', 'Tampa Bay Buccaneers', 2),
(57, 'car', 'Carolina Panthers', 2),
(58, 'atl', 'Atlanta Falcons', 2),
(59, 'stl', 'St. Louis Rams', 2),
(60, 'sf', 'San Francisco 49ers', 2),
(61, 'sea', 'Seattle Seahawks', 2),
(62, 'arz', 'Arizona Cardinals', 2);

-- --------------------------------------------------------

--
-- Table structure for table `users`
--

CREATE TABLE IF NOT EXISTS `users` (
  `user_id` int(11) NOT NULL AUTO_INCREMENT,
  `username` text COLLATE utf8_swedish_ci NOT NULL,
  `password` text COLLATE utf8_swedish_ci NOT NULL,
  `email` text COLLATE utf8_swedish_ci NOT NULL,
  `activation_code` text COLLATE utf8_swedish_ci NOT NULL,
  `time_added` bigint(20) NOT NULL,
  PRIMARY KEY (`user_id`)
) ENGINE=InnoDB DEFAULT CHARSET=utf8 COLLATE=utf8_swedish_ci AUTO_INCREMENT=1 ;

/*!40101 SET CHARACTER_SET_CLIENT=@OLD_CHARACTER_SET_CLIENT */;
/*!40101 SET CHARACTER_SET_RESULTS=@OLD_CHARACTER_SET_RESULTS */;
/*!40101 SET COLLATION_CONNECTION=@OLD_COLLATION_CONNECTION */;

